<?xml version="1.0" encoding="UTF-8"?>
<!-- IMPORTANT: This is an internal file that has been generated
     by the Xilinx ISE software.  Any direct editing or
     changes made to this file may result in unpredictable
     behavior or data corruption.  It is strongly advised that
     users do not edit the contents of this file. -->
<DeviceUsageSummary rev="7">
<DesignStatistics TimeStamp="Thu Jan 07 20:32:31 2021"><group name="NetStatistics">
<item name="NumNets_Active" rev="7">
<attrib name="value" value="251"/></item>
<item name="NumNets_Gnd" rev="7">
<attrib name="value" value="1"/></item>
<item name="NumNets_Vcc" rev="7">
<attrib name="value" value="1"/></item>
<item name="NumNodesOfType_Active_BRAMADDR" rev="7">
<attrib name="value" value="10"/></item>
<item name="NumNodesOfType_Active_BRAMDUMMY" rev="7">
<attrib name="value" value="8"/></item>
<item name="NumNodesOfType_Active_CLKPIN" rev="7">
<attrib name="value" value="90"/></item>
<item name="NumNodesOfType_Active_CNTRLPIN" rev="7">
<attrib name="value" value="80"/></item>
<item name="NumNodesOfType_Active_DOUBLE" rev="7">
<attrib name="value" value="377"/></item>
<item name="NumNodesOfType_Active_DUMMY" rev="7">
<attrib name="value" value="505"/></item>
<item name="NumNodesOfType_Active_DUMMYBANK" rev="7">
<attrib name="value" value="9"/></item>
<item name="NumNodesOfType_Active_DUMMYESC" rev="7">
<attrib name="value" value="4"/></item>
<item name="NumNodesOfType_Active_GLOBAL" rev="7">
<attrib name="value" value="40"/></item>
<item name="NumNodesOfType_Active_HFULLHEX" rev="7">
<attrib name="value" value="1"/></item>
<item name="NumNodesOfType_Active_HUNIHEX" rev="7">
<attrib name="value" value="16"/></item>
<item name="NumNodesOfType_Active_INPUT" rev="7">
<attrib name="value" value="602"/></item>
<item name="NumNodesOfType_Active_IOBOUTPUT" rev="7">
<attrib name="value" value="4"/></item>
<item name="NumNodesOfType_Active_OMUX" rev="7">
<attrib name="value" value="276"/></item>
<item name="NumNodesOfType_Active_OUTPUT" rev="7">
<attrib name="value" value="219"/></item>
<item name="NumNodesOfType_Active_PREBXBY" rev="7">
<attrib name="value" value="150"/></item>
<item name="NumNodesOfType_Active_VFULLHEX" rev="7">
<attrib name="value" value="27"/></item>
<item name="NumNodesOfType_Active_VLONG" rev="7">
<attrib name="value" value="2"/></item>
<item name="NumNodesOfType_Active_VUNIHEX" rev="7">
<attrib name="value" value="32"/></item>
<item name="NumNodesOfType_Gnd_BRAMADDR" rev="7">
<attrib name="value" value="12"/></item>
<item name="NumNodesOfType_Gnd_BRAMDUMMY" rev="7">
<attrib name="value" value="10"/></item>
<item name="NumNodesOfType_Gnd_DOUBLE" rev="7">
<attrib name="value" value="9"/></item>
<item name="NumNodesOfType_Gnd_DUMMYBANK" rev="7">
<attrib name="value" value="6"/></item>
<item name="NumNodesOfType_Gnd_INPUT" rev="7">
<attrib name="value" value="25"/></item>
<item name="NumNodesOfType_Gnd_OMUX" rev="7">
<attrib name="value" value="7"/></item>
<item name="NumNodesOfType_Gnd_OUTPUT" rev="7">
<attrib name="value" value="4"/></item>
<item name="NumNodesOfType_Gnd_PREBXBY" rev="7">
<attrib name="value" value="3"/></item>
<item name="NumNodesOfType_Gnd_VFULLHEX" rev="7">
<attrib name="value" value="1"/></item>
</group>
<group name="SiteStatistics">
<item name="IBUF-DIFFMI_NDT" rev="7">
<attrib name="value" value="1"/></item>
<item name="IBUF-DIFFMTB" rev="7">
<attrib name="value" value="1"/></item>
<item name="IOB-DIFFMLR" rev="7">
<attrib name="value" value="9"/></item>
<item name="IOB-DIFFMTB" rev="7">
<attrib name="value" value="5"/></item>
<item name="IOB-DIFFSLR" rev="7">
<attrib name="value" value="7"/></item>
<item name="IOB-DIFFSTB" rev="7">
<attrib name="value" value="3"/></item>
<item name="SLICEL-SLICEM" rev="7">
<attrib name="value" value="57"/></item>
</group>
<group name="MiscellaneousStatistics">
<item name="AGG_BONDED_IO" rev="6">
<attrib name="value" value="28"/></item>
<item name="AGG_IO" rev="6">
<attrib name="value" value="28"/></item>
<item name="AGG_SLICE" rev="6">
<attrib name="value" value="120"/></item>
<item name="NUM_4_INPUT_LUT" rev="6">
<attrib name="value" value="174"/></item>
<item name="NUM_BONDED_IBUF" rev="6">
<attrib name="value" value="4"/></item>
<item name="NUM_BONDED_IOB" rev="6">
<attrib name="value" value="24"/></item>
<item name="NUM_BUFGMUX" rev="6">
<attrib name="value" value="2"/></item>
<item name="NUM_CYMUX" rev="6">
<attrib name="value" value="45"/></item>
<item name="NUM_LUT_RT" rev="6">
<attrib name="value" value="24"/></item>
<item name="NUM_RAMB16BWE" rev="6">
<attrib name="value" value="1"/></item>
<item name="NUM_SLICEL" rev="6">
<attrib name="value" value="120"/></item>
<item name="NUM_SLICE_FF" rev="6">
<attrib name="value" value="119"/></item>
<item name="NUM_XOR" rev="6">
<attrib name="value" value="50"/></item>
<item name="Xilinx Core dds_compiler_v4_0, Xilinx CORE Generator 14.7" rev="6">
<attrib name="value" value="1"/></item>
</group>
</DesignStatistics>
<DeviceUsage TimeStamp="Thu Jan 07 20:32:31 2021"><group name="SiteSummary">
<item name="BUFGMUX" rev="7">
<attrib name="total" value="1000000"/><attrib name="used" value="2"/></item>
<item name="BUFGMUX_GCLKMUX" rev="7">
<attrib name="total" value="1000000"/><attrib name="used" value="2"/></item>
<item name="BUFGMUX_GCLK_BUFFER" rev="7">
<attrib name="total" value="1000000"/><attrib name="used" value="2"/></item>
<item name="IBUF" rev="7">
<attrib name="total" value="1000000"/><attrib name="used" value="4"/></item>
<item name="IBUF_DELAY_ADJ_BBOX" rev="7">
<attrib name="total" value="1000000"/><attrib name="used" value="4"/></item>
<item name="IBUF_INBUF" rev="7">
<attrib name="total" value="1000000"/><attrib name="used" value="4"/></item>
<item name="IBUF_PAD" rev="7">
<attrib name="total" value="1000000"/><attrib name="used" value="4"/></item>
<item name="IOB" rev="7">
<attrib name="total" value="1000000"/><attrib name="used" value="24"/></item>
<item name="IOB_OUTBUF" rev="7">
<attrib name="total" value="1000000"/><attrib name="used" value="24"/></item>
<item name="IOB_PAD" rev="7">
<attrib name="total" value="1000000"/><attrib name="used" value="24"/></item>
<item name="RAMB16BWE" rev="7">
<attrib name="total" value="1000000"/><attrib name="used" value="1"/></item>
<item name="RAMB16BWE_RAMB16BWE" rev="7">
<attrib name="total" value="1000000"/><attrib name="used" value="1"/></item>
<item name="SLICEL" rev="7">
<attrib name="total" value="1000000"/><attrib name="used" value="120"/></item>
<item name="SLICEL_C1VDD" rev="7">
<attrib name="total" value="1000000"/><attrib name="used" value="7"/></item>
<item name="SLICEL_C2VDD" rev="7">
<attrib name="total" value="1000000"/><attrib name="used" value="3"/></item>
<item name="SLICEL_CYMUXF" rev="7">
<attrib name="total" value="1000000"/><attrib name="used" value="24"/></item>
<item name="SLICEL_CYMUXG" rev="7">
<attrib name="total" value="1000000"/><attrib name="used" value="21"/></item>
<item name="SLICEL_F" rev="7">
<attrib name="total" value="1000000"/><attrib name="used" value="79"/></item>
<item name="SLICEL_F5MUX" rev="7">
<attrib name="total" value="1000000"/><attrib name="used" value="16"/></item>
<item name="SLICEL_FFX" rev="7">
<attrib name="total" value="1000000"/><attrib name="used" value="53"/></item>
<item name="SLICEL_FFY" rev="7">
<attrib name="total" value="1000000"/><attrib name="used" value="66"/></item>
<item name="SLICEL_G" rev="7">
<attrib name="total" value="1000000"/><attrib name="used" value="95"/></item>
<item name="SLICEL_GNDF" rev="7">
<attrib name="total" value="1000000"/><attrib name="used" value="10"/></item>
<item name="SLICEL_GNDG" rev="7">
<attrib name="total" value="1000000"/><attrib name="used" value="11"/></item>
<item name="SLICEL_XORF" rev="7">
<attrib name="total" value="1000000"/><attrib name="used" value="26"/></item>
<item name="SLICEL_XORG" rev="7">
<attrib name="total" value="1000000"/><attrib name="used" value="24"/></item>
</group>
</DeviceUsage>
<ReportConfigData TimeStamp="Thu Jan 07 20:32:31 2021"><group name="SLICEL_CYMUXF">
<item name="0" rev="7">
<attrib name="0" value="24"/><attrib name="0_INV" value="0"/></item>
<item name="1" rev="7">
<attrib name="1_INV" value="0"/><attrib name="1" value="24"/></item>
</group>
<group name="SLICEL_CYMUXG">
<item name="0" rev="7">
<attrib name="0" value="21"/><attrib name="0_INV" value="0"/></item>
</group>
<group name="IBUF_PAD">
<item name="IOATTRBOX" rev="7">
<attrib name="LVCMOS25" value="4"/></item>
</group>
<group name="SLICEL">
<item name="BX" rev="7">
<attrib name="BX_INV" value="3"/><attrib name="BX" value="29"/></item>
<item name="BY" rev="7">
<attrib name="BY" value="17"/><attrib name="BY_INV" value="3"/></item>
<item name="CE" rev="7">
<attrib name="CE" value="23"/><attrib name="CE_INV" value="0"/></item>
<item name="CIN" rev="7">
<attrib name="CIN_INV" value="0"/><attrib name="CIN" value="21"/></item>
<item name="CLK" rev="7">
<attrib name="CLK" value="88"/><attrib name="CLK_INV" value="0"/></item>
<item name="SR" rev="7">
<attrib name="SR" value="42"/><attrib name="SR_INV" value="15"/></item>
</group>
<group name="IOB_OUTBUF">
<item name="IN" rev="7">
<attrib name="IN_INV" value="1"/><attrib name="IN" value="23"/></item>
<item name="SUSPEND" rev="7">
<attrib name="3STATE" value="24"/></item>
</group>
<group name="SLICEL_FFX">
<item name="CE" rev="7">
<attrib name="CE" value="11"/><attrib name="CE_INV" value="0"/></item>
<item name="CK" rev="7">
<attrib name="CK" value="53"/><attrib name="CK_INV" value="0"/></item>
<item name="D" rev="7">
<attrib name="D" value="50"/><attrib name="D_INV" value="3"/></item>
<item name="FFX_INIT_ATTR" rev="7">
<attrib name="INIT0" value="47"/><attrib name="INIT1" value="6"/></item>
<item name="FFX_SR_ATTR" rev="7">
<attrib name="SRLOW" value="48"/><attrib name="SRHIGH" value="5"/></item>
<item name="LATCH_OR_FF" rev="7">
<attrib name="FF" value="53"/></item>
<item name="REV" rev="7">
<attrib name="REV_INV" value="0"/><attrib name="REV" value="3"/></item>
<item name="SR" rev="7">
<attrib name="SR" value="26"/><attrib name="SR_INV" value="6"/></item>
<item name="SYNC_ATTR" rev="7">
<attrib name="ASYNC" value="21"/><attrib name="SYNC" value="32"/></item>
</group>
<group name="SLICEL_XORF">
<item name="1" rev="7">
<attrib name="1_INV" value="0"/><attrib name="1" value="26"/></item>
</group>
<group name="SLICEL_FFY">
<item name="CE" rev="7">
<attrib name="CE" value="19"/><attrib name="CE_INV" value="0"/></item>
<item name="CK" rev="7">
<attrib name="CK" value="66"/><attrib name="CK_INV" value="0"/></item>
<item name="D" rev="7">
<attrib name="D" value="63"/><attrib name="D_INV" value="3"/></item>
<item name="FFY_INIT_ATTR" rev="7">
<attrib name="INIT0" value="57"/><attrib name="INIT1" value="9"/></item>
<item name="FFY_SR_ATTR" rev="7">
<attrib name="SRLOW" value="57"/><attrib name="SRHIGH" value="9"/></item>
<item name="LATCH_OR_FF" rev="7">
<attrib name="FF" value="66"/></item>
<item name="SR" rev="7">
<attrib name="SR" value="36"/><attrib name="SR_INV" value="12"/></item>
<item name="SYNC_ATTR" rev="7">
<attrib name="ASYNC" value="18"/><attrib name="SYNC" value="48"/></item>
</group>
<group name="BUFGMUX_GCLKMUX">
<item name="DISABLE_ATTR" rev="7">
<attrib name="LOW" value="2"/></item>
<item name="S" rev="7">
<attrib name="S_INV" value="2"/><attrib name="S" value="0"/></item>
</group>
<group name="RAMB16BWE_RAMB16BWE">
<item name="CLKA" rev="7">
<attrib name="CLKA_INV" value="0"/><attrib name="CLKA" value="1"/></item>
<item name="CLKB" rev="7">
<attrib name="CLKB_INV" value="0"/><attrib name="CLKB" value="1"/></item>
<item name="DATA_WIDTH_A" rev="7">
<attrib name="9" value="1"/></item>
<item name="DATA_WIDTH_B" rev="7">
<attrib name="9" value="1"/></item>
<item name="ENA" rev="7">
<attrib name="ENA_INV" value="0"/><attrib name="ENA" value="1"/></item>
<item name="ENB" rev="7">
<attrib name="ENB_INV" value="0"/><attrib name="ENB" value="1"/></item>
<item name="SSRA" rev="7">
<attrib name="SSRA_INV" value="0"/><attrib name="SSRA" value="1"/></item>
<item name="SSRB" rev="7">
<attrib name="SSRB_INV" value="0"/><attrib name="SSRB" value="1"/></item>
<item name="WEA0" rev="7">
<attrib name="WEA0" value="1"/><attrib name="WEA0_INV" value="0"/></item>
<item name="WEA1" rev="7">
<attrib name="WEA1" value="1"/><attrib name="WEA1_INV" value="0"/></item>
<item name="WEA2" rev="7">
<attrib name="WEA2" value="1"/><attrib name="WEA2_INV" value="0"/></item>
<item name="WEA3" rev="7">
<attrib name="WEA3_INV" value="0"/><attrib name="WEA3" value="1"/></item>
<item name="WEB0" rev="7">
<attrib name="WEB0" value="1"/><attrib name="WEB0_INV" value="0"/></item>
<item name="WEB1" rev="7">
<attrib name="WEB1" value="1"/><attrib name="WEB1_INV" value="0"/></item>
<item name="WEB2" rev="7">
<attrib name="WEB2_INV" value="0"/><attrib name="WEB2" value="1"/></item>
<item name="WEB3" rev="7">
<attrib name="WEB3" value="1"/><attrib name="WEB3_INV" value="0"/></item>
<item name="WRITE_MODE_A" rev="7">
<attrib name="READ_FIRST" value="1"/></item>
<item name="WRITE_MODE_B" rev="7">
<attrib name="WRITE_FIRST" value="1"/></item>
</group>
<group name="SLICEL_F5MUX">
<item name="S0" rev="7">
<attrib name="S0" value="16"/><attrib name="S0_INV" value="0"/></item>
</group>
<group name="IBUF_DELAY_ADJ_BBOX">
<item name="DELAY_ADJ_ATTRBOX" rev="7">
<attrib name="FIXED" value="4"/></item>
<item name="IBUF_DELAY_VALUE" rev="7">
<attrib name="DLY0" value="4"/></item>
<item name="IFD_DELAY_VALUE" rev="7">
<attrib name="DLY0" value="4"/></item>
<item name="SEL_IN" rev="7">
<attrib name="SEL_IN" value="4"/><attrib name="SEL_IN_INV" value="0"/></item>
</group>
<group name="IOB_PAD">
<item name="DRIVEATTRBOX" rev="7">
<attrib name="12" value="24"/></item>
<item name="IOATTRBOX" rev="7">
<attrib name="LVCMOS25" value="24"/></item>
<item name="SLEW" rev="7">
<attrib name="SLOW" value="24"/></item>
</group>
<group name="RAMB16BWE">
<item name="CLKA" rev="7">
<attrib name="CLKA_INV" value="0"/><attrib name="CLKA" value="1"/></item>
<item name="CLKB" rev="7">
<attrib name="CLKB_INV" value="0"/><attrib name="CLKB" value="1"/></item>
<item name="ENA" rev="7">
<attrib name="ENA_INV" value="0"/><attrib name="ENA" value="1"/></item>
<item name="ENB" rev="7">
<attrib name="ENB_INV" value="0"/><attrib name="ENB" value="1"/></item>
<item name="SSRA" rev="7">
<attrib name="SSRA_INV" value="0"/><attrib name="SSRA" value="1"/></item>
<item name="SSRB" rev="7">
<attrib name="SSRB_INV" value="0"/><attrib name="SSRB" value="1"/></item>
<item name="WEA0" rev="7">
<attrib name="WEA0" value="1"/><attrib name="WEA0_INV" value="0"/></item>
<item name="WEA1" rev="7">
<attrib name="WEA1" value="1"/><attrib name="WEA1_INV" value="0"/></item>
<item name="WEA2" rev="7">
<attrib name="WEA2" value="1"/><attrib name="WEA2_INV" value="0"/></item>
<item name="WEA3" rev="7">
<attrib name="WEA3_INV" value="0"/><attrib name="WEA3" value="1"/></item>
<item name="WEB0" rev="7">
<attrib name="WEB0" value="1"/><attrib name="WEB0_INV" value="0"/></item>
<item name="WEB1" rev="7">
<attrib name="WEB1" value="1"/><attrib name="WEB1_INV" value="0"/></item>
<item name="WEB2" rev="7">
<attrib name="WEB2_INV" value="0"/><attrib name="WEB2" value="1"/></item>
<item name="WEB3" rev="7">
<attrib name="WEB3" value="1"/><attrib name="WEB3_INV" value="0"/></item>
</group>
<group name="IOB">
<item name="O1" rev="7">
<attrib name="O1_INV" value="1"/><attrib name="O1" value="23"/></item>
</group>
<group name="BUFGMUX">
<item name="S" rev="7">
<attrib name="S_INV" value="2"/><attrib name="S" value="0"/></item>
</group>
</ReportConfigData>
<ReportPinData TimeStamp="Thu Jan 07 20:32:31 2021"><group name="SLICEL_CYMUXF">
<item name="0" rev="7">
<attrib name="value" value="24"/></item>
<item name="1" rev="7">
<attrib name="value" value="24"/></item>
<item name="OUT" rev="7">
<attrib name="value" value="24"/></item>
<item name="S0" rev="7">
<attrib name="value" value="24"/></item>
</group>
<group name="SLICEL_CYMUXG">
<item name="0" rev="7">
<attrib name="value" value="21"/></item>
<item name="1" rev="7">
<attrib name="value" value="21"/></item>
<item name="OUT" rev="7">
<attrib name="value" value="21"/></item>
<item name="S0" rev="7">
<attrib name="value" value="21"/></item>
</group>
<group name="IBUF_PAD">
<item name="PAD" rev="7">
<attrib name="value" value="4"/></item>
</group>
<group name="IBUF_INBUF">
<item name="IN" rev="7">
<attrib name="value" value="4"/></item>
<item name="OUT" rev="7">
<attrib name="value" value="4"/></item>
</group>
<group name="BUFGMUX_GCLK_BUFFER">
<item name="IN" rev="7">
<attrib name="value" value="2"/></item>
<item name="OUT" rev="7">
<attrib name="value" value="2"/></item>
</group>
<group name="SLICEL">
<item name="BX" rev="7">
<attrib name="value" value="32"/></item>
<item name="BY" rev="7">
<attrib name="value" value="20"/></item>
<item name="CE" rev="7">
<attrib name="value" value="23"/></item>
<item name="CIN" rev="7">
<attrib name="value" value="21"/></item>
<item name="CLK" rev="7">
<attrib name="value" value="88"/></item>
<item name="COUT" rev="7">
<attrib name="value" value="21"/></item>
<item name="F1" rev="7">
<attrib name="value" value="79"/></item>
<item name="F2" rev="7">
<attrib name="value" value="64"/></item>
<item name="F3" rev="7">
<attrib name="value" value="54"/></item>
<item name="F4" rev="7">
<attrib name="value" value="39"/></item>
<item name="G1" rev="7">
<attrib name="value" value="92"/></item>
<item name="G2" rev="7">
<attrib name="value" value="79"/></item>
<item name="G3" rev="7">
<attrib name="value" value="55"/></item>
<item name="G4" rev="7">
<attrib name="value" value="40"/></item>
<item name="SR" rev="7">
<attrib name="value" value="57"/></item>
<item name="X" rev="7">
<attrib name="value" value="38"/></item>
<item name="XQ" rev="7">
<attrib name="value" value="53"/></item>
<item name="Y" rev="7">
<attrib name="value" value="31"/></item>
<item name="YQ" rev="7">
<attrib name="value" value="66"/></item>
</group>
<group name="IOB_OUTBUF">
<item name="IN" rev="7">
<attrib name="value" value="24"/></item>
<item name="OUT" rev="7">
<attrib name="value" value="24"/></item>
</group>
<group name="IBUF">
<item name="I" rev="7">
<attrib name="value" value="4"/></item>
<item name="PAD" rev="7">
<attrib name="value" value="4"/></item>
</group>
<group name="SLICEL_C2VDD">
<item name="1" rev="7">
<attrib name="value" value="3"/></item>
</group>
<group name="SLICEL_XORF">
<item name="0" rev="7">
<attrib name="value" value="26"/></item>
<item name="1" rev="7">
<attrib name="value" value="26"/></item>
<item name="O" rev="7">
<attrib name="value" value="26"/></item>
</group>
<group name="SLICEL_FFX">
<item name="CE" rev="7">
<attrib name="value" value="11"/></item>
<item name="CK" rev="7">
<attrib name="value" value="53"/></item>
<item name="D" rev="7">
<attrib name="value" value="53"/></item>
<item name="Q" rev="7">
<attrib name="value" value="53"/></item>
<item name="REV" rev="7">
<attrib name="value" value="3"/></item>
<item name="SR" rev="7">
<attrib name="value" value="32"/></item>
</group>
<group name="SLICEL_FFY">
<item name="CE" rev="7">
<attrib name="value" value="19"/></item>
<item name="CK" rev="7">
<attrib name="value" value="66"/></item>
<item name="D" rev="7">
<attrib name="value" value="66"/></item>
<item name="Q" rev="7">
<attrib name="value" value="66"/></item>
<item name="SR" rev="7">
<attrib name="value" value="48"/></item>
</group>
<group name="SLICEL_XORG">
<item name="0" rev="7">
<attrib name="value" value="24"/></item>
<item name="1" rev="7">
<attrib name="value" value="24"/></item>
<item name="O" rev="7">
<attrib name="value" value="24"/></item>
</group>
<group name="BUFGMUX_GCLKMUX">
<item name="I0" rev="7">
<attrib name="value" value="2"/></item>
<item name="OUT" rev="7">
<attrib name="value" value="2"/></item>
<item name="S" rev="7">
<attrib name="value" value="2"/></item>
</group>
<group name="RAMB16BWE_RAMB16BWE">
<item name="ADDRA10" rev="7">
<attrib name="value" value="1"/></item>
<item name="ADDRA11" rev="7">
<attrib name="value" value="1"/></item>
<item name="ADDRA12" rev="7">
<attrib name="value" value="1"/></item>
<item name="ADDRA13" rev="7">
<attrib name="value" value="1"/></item>
<item name="ADDRA3" rev="7">
<attrib name="value" value="1"/></item>
<item name="ADDRA4" rev="7">
<attrib name="value" value="1"/></item>
<item name="ADDRA5" rev="7">
<attrib name="value" value="1"/></item>
<item name="ADDRA6" rev="7">
<attrib name="value" value="1"/></item>
<item name="ADDRA7" rev="7">
<attrib name="value" value="1"/></item>
<item name="ADDRA8" rev="7">
<attrib name="value" value="1"/></item>
<item name="ADDRA9" rev="7">
<attrib name="value" value="1"/></item>
<item name="ADDRB10" rev="7">
<attrib name="value" value="1"/></item>
<item name="ADDRB11" rev="7">
<attrib name="value" value="1"/></item>
<item name="ADDRB12" rev="7">
<attrib name="value" value="1"/></item>
<item name="ADDRB13" rev="7">
<attrib name="value" value="1"/></item>
<item name="ADDRB3" rev="7">
<attrib name="value" value="1"/></item>
<item name="ADDRB4" rev="7">
<attrib name="value" value="1"/></item>
<item name="ADDRB5" rev="7">
<attrib name="value" value="1"/></item>
<item name="ADDRB6" rev="7">
<attrib name="value" value="1"/></item>
<item name="ADDRB7" rev="7">
<attrib name="value" value="1"/></item>
<item name="ADDRB8" rev="7">
<attrib name="value" value="1"/></item>
<item name="ADDRB9" rev="7">
<attrib name="value" value="1"/></item>
<item name="CLKA" rev="7">
<attrib name="value" value="1"/></item>
<item name="CLKB" rev="7">
<attrib name="value" value="1"/></item>
<item name="DOA0" rev="7">
<attrib name="value" value="1"/></item>
<item name="DOA1" rev="7">
<attrib name="value" value="1"/></item>
<item name="DOA2" rev="7">
<attrib name="value" value="1"/></item>
<item name="DOA3" rev="7">
<attrib name="value" value="1"/></item>
<item name="DOA4" rev="7">
<attrib name="value" value="1"/></item>
<item name="DOA5" rev="7">
<attrib name="value" value="1"/></item>
<item name="DOA6" rev="7">
<attrib name="value" value="1"/></item>
<item name="DOA7" rev="7">
<attrib name="value" value="1"/></item>
<item name="ENA" rev="7">
<attrib name="value" value="1"/></item>
<item name="ENB" rev="7">
<attrib name="value" value="1"/></item>
<item name="SSRA" rev="7">
<attrib name="value" value="1"/></item>
<item name="SSRB" rev="7">
<attrib name="value" value="1"/></item>
<item name="WEA0" rev="7">
<attrib name="value" value="1"/></item>
<item name="WEA1" rev="7">
<attrib name="value" value="1"/></item>
<item name="WEA2" rev="7">
<attrib name="value" value="1"/></item>
<item name="WEA3" rev="7">
<attrib name="value" value="1"/></item>
<item name="WEB0" rev="7">
<attrib name="value" value="1"/></item>
<item name="WEB1" rev="7">
<attrib name="value" value="1"/></item>
<item name="WEB2" rev="7">
<attrib name="value" value="1"/></item>
<item name="WEB3" rev="7">
<attrib name="value" value="1"/></item>
</group>
<group name="SLICEL_F5MUX">
<item name="F" rev="7">
<attrib name="value" value="16"/></item>
<item name="G" rev="7">
<attrib name="value" value="16"/></item>
<item name="OUT" rev="7">
<attrib name="value" value="16"/></item>
<item name="S0" rev="7">
<attrib name="value" value="16"/></item>
</group>
<group name="IBUF_DELAY_ADJ_BBOX">
<item name="IBUF_OUT" rev="7">
<attrib name="value" value="4"/></item>
<item name="SEL_IN" rev="7">
<attrib name="value" value="4"/></item>
</group>
<group name="IOB_PAD">
<item name="PAD" rev="7">
<attrib name="value" value="24"/></item>
</group>
<group name="RAMB16BWE">
<item name="ADDRA10" rev="7">
<attrib name="value" value="1"/></item>
<item name="ADDRA11" rev="7">
<attrib name="value" value="1"/></item>
<item name="ADDRA12" rev="7">
<attrib name="value" value="1"/></item>
<item name="ADDRA13" rev="7">
<attrib name="value" value="1"/></item>
<item name="ADDRA3" rev="7">
<attrib name="value" value="1"/></item>
<item name="ADDRA4" rev="7">
<attrib name="value" value="1"/></item>
<item name="ADDRA5" rev="7">
<attrib name="value" value="1"/></item>
<item name="ADDRA6" rev="7">
<attrib name="value" value="1"/></item>
<item name="ADDRA7" rev="7">
<attrib name="value" value="1"/></item>
<item name="ADDRA8" rev="7">
<attrib name="value" value="1"/></item>
<item name="ADDRA9" rev="7">
<attrib name="value" value="1"/></item>
<item name="ADDRB10" rev="7">
<attrib name="value" value="1"/></item>
<item name="ADDRB11" rev="7">
<attrib name="value" value="1"/></item>
<item name="ADDRB12" rev="7">
<attrib name="value" value="1"/></item>
<item name="ADDRB13" rev="7">
<attrib name="value" value="1"/></item>
<item name="ADDRB3" rev="7">
<attrib name="value" value="1"/></item>
<item name="ADDRB4" rev="7">
<attrib name="value" value="1"/></item>
<item name="ADDRB5" rev="7">
<attrib name="value" value="1"/></item>
<item name="ADDRB6" rev="7">
<attrib name="value" value="1"/></item>
<item name="ADDRB7" rev="7">
<attrib name="value" value="1"/></item>
<item name="ADDRB8" rev="7">
<attrib name="value" value="1"/></item>
<item name="ADDRB9" rev="7">
<attrib name="value" value="1"/></item>
<item name="CLKA" rev="7">
<attrib name="value" value="1"/></item>
<item name="CLKB" rev="7">
<attrib name="value" value="1"/></item>
<item name="DOA0" rev="7">
<attrib name="value" value="1"/></item>
<item name="DOA1" rev="7">
<attrib name="value" value="1"/></item>
<item name="DOA2" rev="7">
<attrib name="value" value="1"/></item>
<item name="DOA3" rev="7">
<attrib name="value" value="1"/></item>
<item name="DOA4" rev="7">
<attrib name="value" value="1"/></item>
<item name="DOA5" rev="7">
<attrib name="value" value="1"/></item>
<item name="DOA6" rev="7">
<attrib name="value" value="1"/></item>
<item name="DOA7" rev="7">
<attrib name="value" value="1"/></item>
<item name="ENA" rev="7">
<attrib name="value" value="1"/></item>
<item name="ENB" rev="7">
<attrib name="value" value="1"/></item>
<item name="SSRA" rev="7">
<attrib name="value" value="1"/></item>
<item name="SSRB" rev="7">
<attrib name="value" value="1"/></item>
<item name="WEA0" rev="7">
<attrib name="value" value="1"/></item>
<item name="WEA1" rev="7">
<attrib name="value" value="1"/></item>
<item name="WEA2" rev="7">
<attrib name="value" value="1"/></item>
<item name="WEA3" rev="7">
<attrib name="value" value="1"/></item>
<item name="WEB0" rev="7">
<attrib name="value" value="1"/></item>
<item name="WEB1" rev="7">
<attrib name="value" value="1"/></item>
<item name="WEB2" rev="7">
<attrib name="value" value="1"/></item>
<item name="WEB3" rev="7">
<attrib name="value" value="1"/></item>
</group>
<group name="IOB">
<item name="O1" rev="7">
<attrib name="value" value="24"/></item>
<item name="PAD" rev="7">
<attrib name="value" value="24"/></item>
</group>
<group name="SLICEL_C1VDD">
<item name="1" rev="7">
<attrib name="value" value="7"/></item>
</group>
<group name="BUFGMUX">
<item name="I0" rev="7">
<attrib name="value" value="2"/></item>
<item name="O" rev="7">
<attrib name="value" value="2"/></item>
<item name="S" rev="7">
<attrib name="value" value="2"/></item>
</group>
<group name="SLICEL_F">
<item name="A1" rev="7">
<attrib name="value" value="79"/></item>
<item name="A2" rev="7">
<attrib name="value" value="64"/></item>
<item name="A3" rev="7">
<attrib name="value" value="54"/></item>
<item name="A4" rev="7">
<attrib name="value" value="39"/></item>
<item name="D" rev="7">
<attrib name="value" value="79"/></item>
</group>
<group name="SLICEL_G">
<item name="A1" rev="7">
<attrib name="value" value="92"/></item>
<item name="A2" rev="7">
<attrib name="value" value="79"/></item>
<item name="A3" rev="7">
<attrib name="value" value="55"/></item>
<item name="A4" rev="7">
<attrib name="value" value="40"/></item>
<item name="D" rev="7">
<attrib name="value" value="95"/></item>
</group>
<group name="SLICEL_GNDF">
<item name="0" rev="7">
<attrib name="value" value="10"/></item>
</group>
<group name="SLICEL_GNDG">
<item name="0" rev="7">
<attrib name="value" value="11"/></item>
</group>
</ReportPinData>
<CmdHistory>
</CmdHistory>
</DeviceUsageSummary>
